age,income,experience_years,spending_score,education,city,base_salary
56,25903.30519613641,34,74.5860038627012,Bachelor,Chicago,103021.51046653134
69,53051.954538008344,50,54.9322479403174,Master,San Francisco,132485.57703195204
46,38654.73882073545,25,5.774105186917378,PhD,Chicago,78429.92101055314
32,28666.19435603489,8,68.07558929604855,PhD,Austin,59704.228312592415
60,40301.4067363621,38,46.67820772311879,Bachelor,Austin,94358.13830025181
25,33776.779945784074,4,3.4461259425,Bachelor,Austin,55533.55033612287
38,75307.12452608848,17,96.96077268480954,High School,New York,75807.05120344998
56,63224.59635424176,37,94.91121430894405,High School,San Francisco,106570.47851118381
36,49880.41038025074,13,51.290241614719754,Bachelor,Chicago,69693.76276482614
40,72199.16208335038,20,9.36724207059102,High School,New York,68430.10919757119
28,51160.524614714275,9,75.46212215985918,High School,Chicago,65588.9778008157
28,37080.73698007604,6,49.1931100105729,Bachelor,New York,55512.347784196085
41,72846.86115904486,18,30.24474782893799,Bachelor,New York,96708.38719877727
53,58083.65065526988,31,49.14181775285568,PhD,Austin,100183.53063388623
57,34441.30768510315,34,52.244414540546444,Bachelor,Austin,85452.65784943491
41,47144.91982874588,17,56.27116990223392,Bachelor,New York,73716.4379478226
20,36865.726199228644,0,44.12237136553265,Master,Austin,38284.92349368506
39,29258.00403553496,20,60.575530313905666,PhD,New York,82697.72364448702
19,63892.66321297462,0,91.87347106063774,PhD,San Francisco,47662.12389865822
41,78641.24960705196,18,36.226808709859114,PhD,Austin,88850.26128383573
61,29021.486392712883,40,72.5716463219949,Master,Austin,99551.3115356914
47,58444.538550358564,26,89.44525568242322,Bachelor,Austin,100183.19512008943
55,40240.361463172594,37,45.597927575993694,PhD,San Francisco,103746.35772149781
19,42693.11924352956,0,44.34558363819041,PhD,New York,38164.257368983395
38,41114.09113641696,17,60.21169853547795,High School,Chicago,72326.61129835348
50,37040.138454802756,32,59.14067594224881,PhD,Austin,105267.93673629836
29,50727.82441917241,5,80.6589342326277,Bachelor,New York,59039.24210477584
39,37535.748253834434,15,47.64833837782927,Bachelor,San Francisco,67029.91360285072
61,54056.85238669758,40,99.61229496394411,High School,Chicago,107982.04945836385
42,49246.42835826294,20,5.947156886728077,PhD,Austin,88200.76667623562
66,46415.77929700386,43,0.31678485807017376,PhD,San Francisco,114046.0855396092
44,36386.545069376036,24,64.01983115596238,PhD,San Francisco,89832.12536450558
59,41348.43004147501,37,29.84349123618767,Master,Chicago,113901.16928312562
45,61330.86838738634,26,24.03823886994838,PhD,New York,86087.94167065686
33,57513.75781436571,9,31.189908000428048,Bachelor,Austin,66876.9525469284
32,35336.67132802174,11,25.60475651049543,Bachelor,Austin,43991.34509596125
64,51489.98458143839,43,3.079004966044785,Master,New York,118880.24232283328
68,61270.80685057683,45,97.15330423905887,Master,New York,118450.81515913538
61,24958.920783179423,42,22.074548845278173,PhD,New York,122287.32180752569
69,58150.402885699026,46,73.40297625893064,High School,Chicago,109845.79658220275
20,40060.643615812296,1,76.25963946941752,Master,Chicago,57251.96542622464
54,58558.98002889739,34,92.92573980072292,Master,Austin,121425.29178397029
68,38551.11265186225,44,3.0549457093379973,PhD,Chicago,110411.18706682089
24,22926.768490032213,3,87.20483384470077,PhD,San Francisco,50619.42294929531
38,25586.86343175256,17,52.722618083980024,Master,Austin,62870.2334899588
26,50721.27419992073,6,63.25441099658279,High School,Chicago,55520.475925762315
56,53895.83752582223,38,64.44702771210336,Master,New York,116565.32063524649
35,36435.25062343387,11,81.97978049847275,PhD,San Francisco,70854.51487308256
21,59578.88688166061,0,33.34073221591105,PhD,New York,49831.12042323017
42,25077.1990659656,22,73.30511898599934,Master,Austin,60000.878603256744
31,49008.80302029025,8,52.85781097221971,High School,New York,79865.00651982203
67,31834.75700356315,45,79.33940143053478,Master,Chicago,134822.35347674217
26,40222.45838296761,5,99.05460327701334,Master,Chicago,66621.83807362552
43,50710.98006974621,20,20.06510174037612,PhD,Austin,80612.71216369282
19,37093.799520740715,0,99.46486415599979,High School,New York,56078.404215338676
37,44231.66683655262,14,8.9812154282774,Bachelor,Austin,78705.62999731032
45,65094.39213821661,23,0.23175479048138659,High School,New York,85497.42406686171
64,41346.62195715277,40,4.416193617783126,Master,San Francisco,113038.48170802389
24,62535.38168097712,3,34.17824047367617,Master,Chicago,73787.20882287186
61,33054.397180135726,41,63.290633067843416,Master,Austin,94176.2372368688
25,57947.06266872924,3,6.902954088784963,High School,San Francisco,68213.49473627975
64,71623.5293098685,43,0.566581452956727,PhD,San Francisco,126423.84975204326
52,12925.332498090662,29,93.70910284587947,Master,Austin,78437.27187161066
31,38046.57116794285,7,82.19266359399296,Master,Austin,53720.53979713911
34,58656.081907708096,16,80.9183171139031,High School,San Francisco,70995.5190828167
53,46954.31920935511,29,88.4424275501977,Bachelor,New York,84907.70993930439
67,55567.188100569634,49,70.00342727721043,Bachelor,San Francisco,145384.21753792156
57,40940.22219926269,38,10.440412974808144,PhD,Austin,115216.11669352923
21,51298.8468120935,0,39.9100188073723,PhD,San Francisco,71529.98252008234
19,47664.84146911881,0,72.31494864646295,Master,New York,59038.88278922557
23,67516.73092489711,5,28.033446079152093,High School,Chicago,61768.967666128476
59,53816.31264951819,39,68.74063641362376,Master,Chicago,114829.47884919296
21,55064.039931128034,0,2.449844826765235,PhD,San Francisco,56166.57783157804
46,43821.84550816299,26,30.613734087959322,High School,New York,83519.41659244517
35,42685.906638912595,11,54.91303362771727,High School,Chicago,52970.38993493073
43,43511.627182705684,23,63.208982950624225,PhD,San Francisco,104532.19881274554
61,55916.78213567445,43,57.704066446191085,Bachelor,San Francisco,100027.90510298143
51,43685.232787696055,30,69.77562760734295,Bachelor,New York,84508.24531138397
27,54346.62285344619,4,0.608874823983907,High School,Austin,76954.77190683916
53,81131.01197968159,31,10.094119997752149,Master,San Francisco,111705.73842444035
31,63066.87055147538,13,86.89442522791451,Bachelor,Austin,76541.88687714032
48,45109.647017482384,30,68.17486440901612,Master,Austin,103315.02280337282
65,68018.20883245918,42,11.29316426860113,Bachelor,Chicago,103066.74593195385
32,43878.86940467673,11,84.20744373985792,Bachelor,Austin,53436.09934369568
25,19428.13197233219,4,24.22312178245669,Master,New York,45090.65221533403
31,34878.70533623894,7,47.825988419522346,PhD,Chicago,57321.3014463709
40,21938.121184612166,20,14.51965128846603,Bachelor,Chicago,69557.85926971296
57,44727.297739380374,33,71.01100564217066,Bachelor,Chicago,106324.232556944
38,50276.27568784328,15,66.68544210142679,Master,San Francisco,94308.78529013028
33,75146.55968412924,9,21.11124711661362,PhD,San Francisco,90210.41365896536
62,54903.910606462436,39,86.34007668570018,Bachelor,Austin,103845.4098993342
35,46713.49206786704,14,40.13060242197122,Bachelor,Chicago,66770.93696198074
64,62441.083717752335,44,29.25150910707418,PhD,Chicago,120725.44885818327
41,16832.970364881723,17,15.232958946453545,Bachelor,New York,56145.9302666637
43,53534.21837162849,25,26.616801251553746,PhD,Austin,82449.3544472879
42,61562.9779083045,23,2.2026921223816998,PhD,New York,110222.15185585585
62,27821.206313302377,40,58.32574924561156,Master,Austin,108369.0717885978
58,67156.31064810394,40,84.22307463439479,High School,Austin,114115.74486010344
46,55077.44611241621,25,54.898044944164184,PhD,San Francisco,105110.7117468761
32,43770.681291487985,10,21.927396192387572,Master,San Francisco,73565.0352344815
62,59491.72799159427,43,3.366917821387272,High School,New York,126204.12082561186
18,84060.39286706594,0,21.462807325880284,Bachelor,Austin,50854.64209274614
42,52727.99382587743,22,41.61214280710923,High School,Chicago,87926.22745684689
24,53723.30879450504,2,75.96114286997965,PhD,San Francisco,57803.31001834221
26,43109.58650689634,6,18.784285253777412,PhD,Chicago,61970.51077737049
41,37252.33445802813,23,71.97914533546862,PhD,New York,89842.0832758024
18,62455.03724816369,0,86.69334683518836,PhD,San Francisco,66616.01847339913
61,37158.74261136699,38,45.394684810835706,PhD,San Francisco,116020.5680824238
25,51073.49355829089,2,82.14319916425933,Master,Austin,67947.51785114943
41,42835.13829852325,19,55.46573480350956,PhD,New York,80153.94431997473
28,57184.697386195876,5,63.709083708090496,Master,Austin,67157.606130298
68,55004.931579304226,50,52.62784603382027,Bachelor,San Francisco,120543.82338027828
34,65563.0991638685,14,46.31727167513417,PhD,New York,113192.31899177606
25,42349.75401717879,3,23.465344177584935,PhD,San Francisco,53249.550236396586
52,45951.87597059943,32,30.319405946104606,High School,New York,89295.00654503952
52,35318.54426326539,30,28.997011894360902,Bachelor,San Francisco,101871.89464382885
50,43335.60109885833,30,56.328893095381474,PhD,Chicago,97522.47354941498
22,55659.50739567279,3,11.995369302388992,PhD,Chicago,71128.08196083158
59,61354.829249680275,39,91.67916907023351,Bachelor,Austin,116020.6331656746
56,36167.52013733562,33,72.06551452831133,Master,Chicago,97421.63910207835
58,63044.088801584905,39,40.14456309131936,PhD,San Francisco,114392.90130379367
45,70334.56788207426,25,15.862414452637797,High School,San Francisco,86505.12547088544
24,56201.523548355515,2,88.19921697216358,PhD,Chicago,62347.2078879874
26,78151.937188371,4,82.37780901011652,High School,Austin,65820.50842356915
25,38393.1620134464,3,72.17215527171793,High School,Chicago,45307.743933381076
29,31330.179450328746,8,27.154704741124235,PhD,New York,63164.46477028939
51,23319.19626643582,33,40.24466374336689,PhD,New York,87566.839140419
50,72440.66467233775,28,10.274825245242337,High School,New York,105804.95282992696
65,59815.484845310864,46,18.903952472753172,Bachelor,Chicago,129863.46707183057
40,49166.229936343174,18,78.30166373167329,Bachelor,Chicago,72621.7002654013
41,54199.529394797304,20,71.50387188506838,PhD,Chicago,83733.3218615404
54,33117.66429052435,31,59.34857629759347,Master,New York,98681.8961721357
52,86686.27969425239,33,89.57267259261728,Bachelor,Austin,125138.17846822222
61,51938.31772962841,40,58.32665178130454,PhD,San Francisco,136864.46455048549
57,51640.92191907339,34,46.69679999636107,Bachelor,Chicago,89299.6893431774
39,60886.49935848038,15,34.03707463057627,Master,Austin,90530.85183558817
44,57215.1384760507,20,94.04485057361725,PhD,San Francisco,96251.25069214411
52,53358.26036418697,33,8.271546152435349,Master,San Francisco,102999.15841227252
18,38142.88316832032,0,93.08873720608084,PhD,San Francisco,63144.425467305744
52,57072.025357039936,34,82.67146599310183,Master,Austin,102445.60620260592
54,78230.3674471255,36,12.992992453570128,Bachelor,Austin,121085.7661778992
64,70181.30069232467,43,56.49843576752536,Bachelor,New York,136118.93471377174
31,73897.79939959096,8,86.65479817490869,Master,Austin,90614.9225039751
20,42331.76485353222,2,57.18091636071537,Master,Austin,35119.42739144263
18,35155.92769612129,0,90.71998215606223,Master,Austin,47786.204729355195
22,48113.19619850528,0,94.29838168160425,PhD,San Francisco,43796.57209555422
43,50835.87368433042,22,42.23845221843059,Bachelor,Chicago,76209.88409678724
31,66412.87277706423,10,37.73136614063236,PhD,New York,54335.441428854305
56,24613.03055427771,35,93.63211539691568,Bachelor,Chicago,102568.18128252396
44,72943.2547919092,26,67.5140061149668,High School,Chicago,98451.77309912285
26,47629.88152131516,2,11.602268134816928,PhD,Austin,56543.066797567735
32,43596.7839507887,11,4.22917492226812,Bachelor,New York,55379.012825847
32,34818.434371097486,14,56.46290509972631,Bachelor,Chicago,69408.99180985226
43,25177.14992201346,22,93.01709654384246,PhD,Chicago,76589.77909008518
59,62347.55875942872,37,84.42487024058184,PhD,New York,109630.88999218444
30,51099.76950782606,7,67.58477464643364,Bachelor,Austin,51685.007565322405
68,30650.58650388419,47,13.911584889108752,PhD,Chicago,119852.34588823421
49,30573.818419045758,30,25.42313837486956,Master,San Francisco,87120.22674912958
56,44963.229510648074,33,87.55112265526162,PhD,Chicago,106024.1448013208
66,75035.32287934089,43,18.280723665690047,PhD,San Francisco,137642.7204472741
69,46106.12972954593,48,27.843940825043457,PhD,Austin,138357.00200871096
49,27452.855703228408,25,12.960065119544195,Bachelor,Chicago,95888.66781590458
21,46313.85403871084,1,67.61082314144112,Master,New York,55376.06714836822
47,45909.146453784946,23,94.39823053632097,High School,New York,91468.54648857925
54,9546.700355876426,33,26.896803159538596,High School,Chicago,89097.313836049
40,49185.577002232814,17,47.54066078500737,Master,Austin,63390.84915178117
56,46535.98204686983,37,63.43397397112043,Master,Austin,104435.52275290611
62,60443.095472201276,39,99.94662482156306,Master,New York,115479.2776553319
32,77734.34142418018,8,10.480806499757211,Bachelor,Chicago,65736.2144945458
60,66898.47544321636,41,49.85707995057091,High School,Austin,116153.00334430508
46,45966.669641677545,28,38.51201199025,Master,New York,90520.79595987247
53,33402.11136887495,31,86.58201652223552,Bachelor,San Francisco,86986.46659752369
30,88600.3970487479,7,47.59677310116559,High School,Chicago,72449.69823121211
49,50888.27651021732,28,11.097752458514808,PhD,San Francisco,94930.86660514063
24,50208.939378694195,6,63.44241452865836,Bachelor,San Francisco,35042.37527087226
68,49638.12369334995,46,77.07806182638798,High School,Austin,107774.65099621976
39,52971.271411517824,18,0.28812516656145926,Bachelor,Austin,77294.93093991421
45,47834.593821140865,25,85.89566854206295,High School,Austin,100064.0747149865
19,41395.069896796456,0,18.60230000056656,High School,Chicago,21576.603392284618
59,41797.115881394115,40,55.20693646533778,PhD,San Francisco,109095.56525014855
62,49508.70094676002,43,41.579750068745014,Bachelor,Chicago,118246.13612741286
23,41848.62843299352,3,71.96538166105304,Master,Austin,65434.81225048239
45,39307.313259842536,27,37.116161478574185,PhD,San Francisco,91946.86643612129
45,51596.453415378455,23,86.97631766817108,PhD,Chicago,89499.92832381139
61,46175.34173868717,40,73.04963609587902,High School,Chicago,123202.19182530203
61,72559.89482874033,42,64.77131710629214,Master,New York,131467.4613639224
37,10235.45287410482,19,79.62405955628543,Bachelor,Chicago,76138.02282080587
47,66372.60277883692,27,75.40230349283823,Master,Austin,95501.25598338553
28,68691.27788746444,4,3.5938674921553337,Master,Chicago,75924.01911768389
45,18899.146513877757,22,39.47343538448281,Master,San Francisco,60692.72839475036
42,44859.68608879477,18,93.08072973164899,Master,Chicago,94424.243229811
56,44428.38701006313,32,12.572426899222622,Master,New York,99291.81591356118
50,28887.32457923268,31,73.70965504320512,High School,San Francisco,94641.0220384082
18,38332.74968613687,0,97.45918113353297,High School,San Francisco,40920.25738174294
44,33341.36231801257,23,5.219862904497163,PhD,New York,68123.13835954713
69,76284.05665135435,45,68.21938806266104,High School,Austin,129873.22787645666
30,64035.17589721191,6,46.815414130103036,PhD,San Francisco,81065.2689715827
58,69073.32642491237,36,57.917525537472216,PhD,Austin,126644.79805253497
20,60825.08096064853,1,8.534133648432485,Bachelor,San Francisco,60622.016928862045
56,33064.22343174156,37,4.3006951866939485,Master,San Francisco,106815.91873939174
23,42132.196005803395,2,66.68666605509218,High School,Austin,43236.12774256603
25,57340.61841841877,2,82.33094298207179,Bachelor,San Francisco,68493.49339982955
44,31668.082866620818,26,78.20153349329672,High School,Austin,74054.2780598978
26,60694.97645258582,4,54.38057278662374,PhD,New York,79998.16393575828
54,46395.119027627974,35,9.986682113617817,High School,Austin,98578.05112590756
50,44377.68788675604,28,68.80444438360138,Master,New York,95246.43638655204
68,60664.39952305237,49,24.188888355414594,PhD,San Francisco,144068.03045773748
59,56663.9496722906,37,91.10687027673836,PhD,Austin,129069.21467086548
61,44585.507512713804,41,83.82653595457049,Bachelor,San Francisco,121773.36584104405
41,67389.94705046373,17,70.93829670873909,Master,Austin,79059.32045501938
32,33784.05008600154,13,94.88459558311304,PhD,New York,82506.14030934164
49,59239.034104163955,27,3.142182151127293,Master,New York,87280.92323910107
49,58896.51886952575,31,73.6200425060762,High School,Austin,107728.97180343814
41,45356.803410290144,21,33.02427793364053,Master,New York,68506.62295914642
58,54891.99533363177,38,90.60658856863652,PhD,San Francisco,120061.12740913771
69,31233.296354220456,51,26.66751966619776,Bachelor,San Francisco,112994.45349451932
66,63860.40528810352,44,72.48564993150171,PhD,Chicago,139481.7606074864
66,47226.46795335517,45,87.76470196507815,Master,New York,133707.8432251506
69,42159.154692214404,51,4.165681838268243,Master,San Francisco,128345.99563749706
29,65735.13838755334,7,39.764757959203614,PhD,Austin,75869.87085360503
56,39434.84464185861,38,76.23090320219387,Master,New York,114683.76977747862
19,28873.080554546606,1,45.49188895075871,High School,San Francisco,57647.667413393094
20,26650.562397141442,1,26.72526297935953,PhD,New York,51704.54361473203
66,59090.14927018459,44,21.980534882319002,Bachelor,Austin,113829.31827569152
54,30793.559712555754,33,13.15182669163779,PhD,San Francisco,109368.33411275348
66,76321.91272976546,42,85.71295598562823,High School,Chicago,106594.94790727434
34,18771.058881744168,15,57.5355403251556,High School,Chicago,72604.6100763693
66,75446.84552435057,48,7.638494499145598,High School,New York,119914.10888784533
19,53165.26200803927,0,38.25803235706354,High School,Austin,47960.201557540466
19,48549.30332194411,0,36.77336508051099,High School,San Francisco,60063.9724817919
45,41826.21369786575,21,18.173919070946297,Bachelor,Austin,75801.46489901013
40,55987.04171528106,22,43.550762547219065,Master,San Francisco,95447.7394276933
54,49435.47946362727,36,33.209936539313645,High School,New York,113880.22820679801
49,66549.52823024782,27,34.18037054921825,High School,San Francisco,99274.20789701032
50,51713.41472993059,28,73.90265577879586,PhD,Austin,106323.6387661661
18,52254.52642192817,0,22.32633855051963,Bachelor,Austin,47598.316114667236
36,44545.81681679216,15,64.18599588553555,Bachelor,New York,73729.02480995163
19,49145.81564418399,0,57.06496238809349,Master,Austin,41932.94501315955
61,54617.026533380886,41,56.809251233786725,Bachelor,San Francisco,112788.18965612285
43,24347.474110150615,25,66.30073461417759,PhD,New York,75237.22289392886
49,29777.218668414305,25,54.8382036195654,PhD,San Francisco,85187.40353622856
23,61148.96141034072,0,87.92551148463846,Master,Austin,40211.47379061251
49,52562.981571919125,31,67.55800919502597,PhD,New York,108286.0764663759
21,47240.24995470981,3,54.696325137138814,High School,San Francisco,72322.91289704402
28,50276.5089959809,9,82.97631202876448,High School,Austin,60670.71094882678
34,55213.72558042507,11,60.61465649334797,PhD,Austin,88246.18640451871
55,41903.60479535958,32,29.1144247785179,Master,Chicago,110783.73083770293
41,38325.42911896531,18,20.70949181765712,Bachelor,Austin,62041.73098308975
22,52937.67882646522,3,15.232778566267879,Master,San Francisco,48805.003399344736
69,35324.40833577452,51,89.94552125461016,Bachelor,New York,133502.57944698492
51,56123.79133571708,32,71.01354317980658,PhD,Chicago,107964.40092978692
23,24461.245936432395,1,93.73784381643208,PhD,Austin,42617.37731024539
39,65437.33455988466,17,60.3291805714943,High School,Austin,75779.06352725404
28,57088.96223619564,9,47.34008814949126,Bachelor,Austin,69690.2955264539
65,53840.44601470813,42,5.971648897088933,Master,San Francisco,111011.34950821855
33,64740.36475918271,15,67.16422815460298,PhD,Chicago,57534.95218114102
50,74982.11666693864,31,58.220875976823116,Master,San Francisco,106185.54702684438
26,65215.55097527196,7,99.02088935876215,High School,Chicago,65105.77782196773
23,22386.88653002532,4,23.915877778224303,Bachelor,New York,46504.12418936208
33,30806.345498964478,13,53.073735528683585,Bachelor,San Francisco,78984.42415901882
46,40627.72133456482,24,65.09573351180727,PhD,San Francisco,95978.33105495028
20,50391.36575316251,0,64.45911747423436,Bachelor,New York,53769.73914391754
37,57764.88530703685,14,56.12935429484027,PhD,Chicago,94191.30304334726
53,39113.84280269802,32,77.69280103272254,High School,Austin,97222.23305080316
36,52801.50146715617,12,20.498120952681642,Bachelor,New York,91230.56394068195
43,38669.256014700164,20,72.56272002744159,PhD,Austin,75091.82986599211
20,40827.23295512078,0,61.97345714330892,Master,Austin,42005.36561262324
36,28900.083547276667,16,89.60751117945733,PhD,New York,84289.984705864
37,36151.50130833643,18,84.71944390335817,Bachelor,Chicago,87124.55791705524
49,29724.730915754997,29,31.514703913255325,High School,Austin,84985.20450170303
24,35361.90120534001,4,27.623732497515306,Bachelor,New York,40883.54527858371
69,65804.62694911759,45,98.16533238524478,Bachelor,San Francisco,146759.55055625105
58,35759.01666752085,40,52.726518091525655,PhD,San Francisco,107440.34195678943
50,89485.73097256086,26,90.64209639144369,Master,San Francisco,113768.36862267023
57,57399.76851321334,35,16.38810237804822,Bachelor,New York,117680.85378634428
56,52772.54185542311,35,64.28189148001742,Master,San Francisco,105629.8048964176
35,37124.6332972818,16,80.98601873605861,PhD,Austin,73465.41255342032
57,60504.64819113487,33,94.73952495864468,Master,San Francisco,106851.49328497605
18,41365.43260643339,0,33.73401410170235,PhD,San Francisco,65111.84305276278
28,51830.147219680424,5,72.49811699240524,High School,Austin,71775.42706755099
45,88401.26807403192,24,53.8813009039619,Master,San Francisco,104051.69938502894
42,48559.10150413025,19,6.06289260664682,Master,Austin,99701.69761226875
67,67239.09989428514,43,68.99997373089434,High School,San Francisco,125441.39424753153
40,39452.35362311169,18,69.00965582378434,Master,Austin,92209.52101980438
48,49475.17264254557,24,93.0606804846537,High School,San Francisco,88175.56977448695
47,76562.00953453264,24,49.73124461689724,Bachelor,Austin,119292.7304282603
59,40595.494133183485,38,23.025092071051468,PhD,New York,127531.21699930473
52,77186.72836995393,31,4.456382344867915,High School,Austin,102099.09127294442
24,60616.279031832135,1,41.56421866859057,Master,San Francisco,75608.4967301492
33,41562.99836158598,13,30.191670007750183,High School,San Francisco,82318.28792058348
43,59486.116085832815,21,76.10883060238756,Master,Chicago,105681.68711879571
65,64588.316744400945,47,35.426776484104664,Bachelor,Austin,98827.97049032246
69,59327.149433257946,50,94.90711963148439,High School,New York,137237.01530445996
66,26446.629201643154,45,96.23102029877842,Bachelor,Austin,119168.52746848926
19,39092.94236262697,0,62.090859021770804,PhD,Austin,60043.15846931116
18,46287.22046672743,0,92.86602870148829,Master,New York,55712.931909071616
65,48883.498563499306,41,76.08543445144956,Master,Austin,120447.43408676753
29,59310.08146326017,10,54.68596409751262,Bachelor,New York,80858.72569683449
22,52665.51501399881,4,18.030793542277813,PhD,New York,68095.92791824725
54,29969.83461934848,31,45.859794351384,High School,Austin,94453.00454069738
49,55702.967765089445,29,56.087446336261756,High School,Austin,107409.0727946961
26,59158.786179257346,5,86.39615807350101,Master,San Francisco,72247.70554157095
58,58396.856718965595,40,48.133337653566485,Bachelor,San Francisco,119061.4081719018
52,66211.71088331932,33,89.76746726779567,Bachelor,Chicago,125022.25771649784
36,62508.83231823356,15,67.43489790234689,High School,Chicago,73779.58746509094
65,56887.70118842655,45,13.699906305367138,PhD,Austin,111094.20228778389
33,48947.51432812029,10,99.4981369325093,PhD,New York,77882.79625496952
20,25085.58599726013,0,52.723266075391265,High School,Chicago,45307.27255251724
37,56444.273286988784,16,39.18582964090789,High School,Austin,83607.86376271394
41,53115.31530744667,17,65.91137644695266,Bachelor,Chicago,80803.32256120125
50,54073.6825579306,32,10.889331398103907,PhD,New York,112317.76377700997
41,30848.77136269536,21,63.653864675335434,High School,Austin,101983.49144529106
69,33784.151893876064,50,49.82360004992729,High School,New York,128141.56875942927
28,65797.29279999355,8,40.667406999858315,Master,Austin,79545.71120050567
66,49406.672692150176,46,95.30200211788991,High School,Chicago,120291.78783631521
25,60222.510460589365,3,52.25397167320532,High School,San Francisco,47326.880826764056
53,50424.77564195692,33,21.91174794699384,PhD,Chicago,83741.90421863932
55,50446.34209243618,35,45.896347937729864,Bachelor,Chicago,97741.91420326017
57,64074.25708963996,36,91.93874045726727,PhD,San Francisco,95515.49759010416
37,42259.32907673939,18,17.609547133059465,Bachelor,San Francisco,80193.76632986753
52,51441.811654114754,31,21.39570386882369,Master,Austin,95674.15884542707
65,43065.87066942436,44,1.3029567757083749,High School,Austin,99351.1603748603
42,43482.55658851527,24,1.419004939576718,Master,New York,85424.45842301968
52,45362.41814797041,31,82.93916269585125,Bachelor,New York,90369.36164276564
42,53332.00657450569,20,73.21226068429559,PhD,Chicago,96167.97754307417
46,42818.77067504784,24,35.50410564519583,PhD,San Francisco,101697.09978299917
35,68836.34188360281,11,69.83111572275727,Master,New York,71624.11672133429
63,36580.89046670744,45,39.52059263099702,Bachelor,Chicago,110077.48496065883
35,47196.92533757961,11,95.28967959978274,Master,San Francisco,77572.51911964522
19,43404.034125887374,0,96.70526814260349,Master,Austin,39286.051509472134
52,71704.668265306,29,39.27937758093434,High School,Chicago,103623.44458740868
33,52948.32164767362,14,85.4221906340868,Master,Austin,62345.41954521247
58,65477.66809202952,39,77.30890416974661,High School,New York,120165.91543162489
53,27716.59440444542,32,30.99999371717893,High School,New York,87013.34138091057
50,54005.75398803888,29,23.2039828901106,PhD,San Francisco,89996.49800047485
21,63344.46193435155,0,45.823465039283384,High School,Chicago,48994.775840861395
50,51234.259839131366,29,78.13488406144063,High School,Austin,90900.27634287701
31,65982.20562598026,12,96.01677847287455,PhD,San Francisco,95780.70944530725
38,42240.673248494415,14,76.35790688665726,Master,New York,77223.14431173913
65,71140.2116027837,45,85.520698501837,Bachelor,New York,116555.32383027564
37,84483.47185428876,15,60.30643061705165,Bachelor,Chicago,101351.02595914407
25,44557.42159340512,5,83.54078308421259,Bachelor,Austin,64309.169647337745
24,43317.462178988426,4,78.44208580034177,Master,Chicago,55554.119257916995
20,71800.7671567655,1,37.69855419262801,High School,Austin,41886.81599971083
34,73693.58218596068,14,55.19903021207211,Bachelor,Austin,74622.09037158989
50,42157.09959270098,27,80.47531219896949,Master,Chicago,92465.76464118206
65,43697.19774356214,47,4.605673418995638,High School,San Francisco,121529.76630852098
29,45773.230867092396,8,80.80792823558299,PhD,Chicago,77344.93076850343
68,29833.242334485843,50,17.788812404902345,Bachelor,Chicago,124905.23427469822
39,36220.22080273703,15,51.468361712143896,High School,New York,54824.81001804282
39,34937.88849871898,17,80.82754395559377,Bachelor,New York,76107.7919590278
63,38483.03652343807,42,25.382107815669485,Bachelor,Chicago,107717.85809533278
47,49479.72668919828,27,24.580743930615302,Bachelor,Chicago,116352.72796498904
55,53513.22098804781,33,40.27643984622519,High School,New York,102214.73267968932
55,73257.50739221115,34,89.46427975776345,Master,Austin,107723.9342209378
62,35024.68938891814,39,0.04427814372078842,High School,Chicago,104613.30929103064
68,64764.83597714876,45,90.1383096641935,Bachelor,San Francisco,127850.68339624663
25,46790.16733661736,2,15.380702464160779,High School,San Francisco,34415.69225268309
44,49258.044355213504,21,99.00863760674821,PhD,San Francisco,99810.88982107982
44,60122.29238249906,24,95.48469930384681,Master,Chicago,91705.34177315624
51,33159.16967656552,33,49.467518959128334,High School,Austin,93654.21469932089
38,55736.14619276076,17,51.272024781262814,PhD,Austin,77548.75975798578
47,52496.78312319584,27,48.154934027585426,Master,New York,83717.63933621567
50,57386.76896012224,27,63.54436456595226,PhD,Chicago,112182.07225709074
45,54337.52965861727,21,9.072170223493103,Master,Austin,97339.43397318808
64,86829.50209866342,46,3.2617948341566505,High School,Chicago,131392.9264256792
50,40433.900236230256,26,5.770292841589885,PhD,New York,76310.70870735223
22,42035.04567497274,0,44.43653492415144,Bachelor,New York,53662.974041312635
65,40652.89210362853,41,27.554793921948338,PhD,New York,100114.24181381911
36,41667.843212596184,14,62.203956237099376,Master,San Francisco,68998.79442735117
21,40439.19309040223,0,99.2442289374779,High School,Chicago,59249.55386156698
52,67835.24796661327,29,38.63231730764659,Master,New York,109858.17507241124
66,71307.56371984782,44,57.38412541045134,PhD,Chicago,136831.1490318116
34,41438.805593757854,15,41.56038959073355,PhD,San Francisco,92638.68769686187
61,37514.66640343657,40,84.72716677218594,Bachelor,San Francisco,116590.90973371953
45,57071.23334579606,24,90.22364034622382,High School,New York,70942.35977064118
47,41716.65433578543,24,87.73556122052601,High School,New York,83706.46589919833
46,59493.97726633266,27,97.43722386792577,PhD,Austin,103303.96979598547
63,53043.845312769496,39,2.751918514041529,High School,Chicago,107963.33225183921
23,27263.838275041522,3,83.9816162145531,Bachelor,New York,43706.88054221621
52,73212.57801995092,28,75.17721730390933,Master,Austin,95421.07293654479
58,76938.16509643283,38,22.86944094003648,High School,Chicago,138232.37127052486
54,40808.16964273421,32,95.63200933875275,PhD,New York,103136.60310770008
41,44184.47660096024,23,14.817792822994546,Master,Austin,107012.25315518232
46,54287.98086087358,26,67.95499271339084,Master,Austin,83271.23984637107
66,55016.851849805375,48,22.489021681591247,Bachelor,Chicago,128200.10732661125
63,59878.164090092454,42,43.138064877407466,PhD,Austin,126916.7666347968
48,80153.06808149524,30,71.9159896944569,High School,Chicago,95422.2246385208
52,47345.79158758926,31,56.33246420330467,PhD,Chicago,100344.78958823517
50,38025.541331923196,31,42.75018313281117,Master,Chicago,95393.87086260783
69,29310.21157978209,50,32.63384309319872,PhD,San Francisco,119483.5894569333
38,39036.04940087121,15,83.96596557087904,High School,Austin,70347.70715845106
49,49503.095406893044,26,14.38143503148137,High School,Chicago,65420.976119735824
40,76918.36795276681,18,43.010287652980004,Bachelor,New York,93341.18467116643
50,42235.830514457426,30,90.37575717751422,High School,San Francisco,109461.05375444087
20,53356.819274583475,0,84.58495504599676,High School,San Francisco,59779.930609661475
35,49753.65655890872,14,40.09417624730467,PhD,Austin,102073.38705941565
42,67825.89910172127,20,76.31083636013084,PhD,Chicago,102984.27382452185
59,87903.98638810433,41,82.31608307088592,Master,Austin,138415.09645775118
48,42036.96840619519,27,88.88874240036297,Bachelor,San Francisco,105439.1559669778
20,42658.40836222667,0,54.4505769049228,PhD,Chicago,29009.91778805779
57,65662.41315603608,38,20.44608860547118,High School,New York,114457.76036458001
63,60228.37234439467,40,25.530907650393164,Master,Chicago,103015.70758267023
41,77700.6098860405,21,29.56946740416042,PhD,San Francisco,87479.62182031212
67,58758.92277988946,46,59.38024808096155,Bachelor,New York,113026.95651999576
49,44610.61863819411,28,3.280962412860844,Bachelor,Chicago,85920.07571192751
64,58859.82246038464,46,63.60424687799683,Master,New York,131342.7586893922
39,66630.55370874362,19,36.4354238428232,Master,New York,90650.83555483128
40,62307.23271796046,21,29.524180248964214,Master,San Francisco,89042.56499966036
19,57609.11046660947,0,87.94965707281264,Master,New York,64407.05040568308
44,66000.1203438373,23,46.00023955807989,Master,Austin,100934.9112969762
59,67539.4338566851,38,9.505304553269278,High School,San Francisco,117663.33727700243
19,70732.38486556291,1,82.6746768026247,High School,Austin,41608.40143905226
43,59730.64831384464,21,4.76412574365066,PhD,New York,84264.07288776868
34,47493.22879524718,15,72.67492241681967,Bachelor,Austin,73144.99309884162
57,52200.705296499844,34,77.39062217706652,High School,Chicago,112364.27152921412
50,68097.63449762535,30,35.260260592885814,High School,New York,86906.50680169204
26,37745.964935191456,5,82.47878562777868,High School,Chicago,56334.27686419356
60,55530.099633093516,39,51.56594058564534,PhD,Austin,103581.08235531581
65,44099.91781508959,42,46.32936532727968,Master,Chicago,126305.62346808364
56,50431.17234402226,37,4.540328146869255,PhD,New York,113779.84089419738
46,69176.77793910948,24,29.002919364890587,Bachelor,Chicago,78741.81899041795
59,52866.48602029855,38,93.10099708852998,Bachelor,Austin,97487.71028247313
43,50696.54822234223,24,39.18239632835,Bachelor,Austin,89542.40299896276
52,29602.15788530121,29,54.670052055676834,Bachelor,Austin,103362.13911400585
67,61193.80349040831,49,53.20216789842518,High School,New York,115550.39106755028
42,59682.26271711613,20,59.04310898226933,High School,Austin,92722.87535040906
41,82448.8208495819,21,6.133095564328261,PhD,New York,92118.92385281267
30,45383.32647570499,9,36.21762547987283,Master,Chicago,73657.820243634
24,53287.254914959085,5,72.31282738825541,Bachelor,Austin,66433.72694755363
53,53740.75525566133,35,20.056025107298293,PhD,Chicago,111178.0262468877
62,73661.79919645212,42,20.357837754636044,High School,San Francisco,102772.5185838616
37,48570.567014195716,13,1.0090606689024728,High School,Chicago,75933.47963894498
18,54185.32288655509,0,43.748192660820976,Master,San Francisco,60463.19920897622
25,59118.44764574809,6,88.2734380673422,Master,Chicago,70753.50372903656
63,52799.13684734537,43,5.190094358730901,Master,New York,118555.98640444994
33,43303.49578174208,15,19.111870949600263,PhD,Chicago,67658.77339868156
31,52911.34989347462,7,31.008453834275507,High School,New York,73753.45536994727
29,66104.47624789659,6,73.17247365642129,High School,New York,75971.3637653564
68,34602.270508834095,50,64.06355928025866,Master,Austin,112829.63134821651
40,51994.54511220314,18,41.5943904581855,Bachelor,New York,91821.03316174773
32,39498.1877759124,11,75.90689392583757,Master,San Francisco,71961.49537541947
45,67925.69943387264,25,60.96310116569019,PhD,Austin,103217.23441989803
51,27152.19642824338,28,89.60407996572191,Master,Austin,90362.30956257229
19,41616.17229092617,0,81.8026749138693,Master,Chicago,51295.05146712076
49,55658.17812596781,29,25.281360608920057,PhD,New York,116170.51335133404
40,73482.86043851511,20,27.14385776342002,Master,New York,99732.80086571068
39,49013.746083905186,21,12.535647579238562,High School,San Francisco,90949.37704052763
68,41672.00709960202,47,33.69647257174565,Bachelor,Chicago,120032.06928392166
42,78217.35604160884,20,99.95439187190944,Master,Chicago,104354.64364142208
39,28279.79149375634,20,40.5751168615061,PhD,Austin,72669.5625507965
39,17017.910650698774,20,22.04884346891064,Bachelor,Austin,74542.24515363583
66,56600.216750799984,46,76.2482884475553,PhD,Austin,129257.59912792809
69,42469.18663471083,48,54.24710034626561,Bachelor,San Francisco,102355.0611336433
59,34681.5077430393,35,14.960144952695254,Bachelor,San Francisco,84791.44298232692
23,60625.3467094903,0,38.06896811608658,Master,Austin,50961.264617759225
32,53657.010706567984,9,41.44697155393433,High School,Chicago,70320.9916331542
60,41538.820538949076,42,75.38297005692186,Master,San Francisco,109609.99678119112
54,30795.434019936583,33,2.0671368891904462,PhD,Chicago,94430.81967659341
50,63086.859924202174,29,26.901964679831046,PhD,Chicago,112903.76543000061
25,59753.017669379915,7,51.7596301315522,Bachelor,New York,57463.76561289471
61,48512.36204330926,37,26.884674245284334,Bachelor,Austin,119706.0147456011
61,77699.554940715,37,62.84340474189989,High School,New York,128603.27411751084
22,33948.72850510771,0,48.18674792746166,Master,Austin,49812.76915361858
56,27117.122436128917,36,36.17102548595806,PhD,Austin,112478.30252171987
21,39621.378951781335,0,94.92086268705123,Bachelor,Chicago,56304.86136345078
23,49316.209754667536,4,63.21594991864574,High School,Austin,53999.00766273851
62,53650.091739840376,44,12.994137226794123,PhD,Chicago,131361.0810130133
49,46381.459132155054,25,56.00916974433955,Bachelor,Chicago,99303.91678076876
69,55280.83094771445,46,78.0731853200901,PhD,Austin,122463.55624241485
47,31226.90863714334,23,70.84896974927973,High School,Chicago,83946.00746181441
64,71656.46906109889,40,17.20892292952594,High School,Chicago,118782.42509056763
52,48767.732324111465,30,97.24199990401033,PhD,Chicago,114988.61436694101
57,66759.43747382192,37,44.8813645746606,Master,San Francisco,111333.31596638625
69,55140.88019566556,51,15.902500374026129,PhD,Chicago,127859.78574963668
33,56851.29828730676,11,18.019575412814792,Bachelor,San Francisco,72146.3648599443
30,58546.50920348306,8,9.823499218908049,Master,San Francisco,80868.71995452604
67,56715.628400259724,44,80.35181084349344,Bachelor,Chicago,109538.50790815326
59,59640.84139801316,38,12.203049432184866,PhD,Chicago,106754.3433576419
47,69937.28795198648,24,12.512525714174693,Master,San Francisco,91901.76359159878
36,52947.817545522055,15,85.04716147608377,Bachelor,San Francisco,74710.93261664528
34,60635.05636382769,13,34.46040844475596,PhD,Chicago,63257.709307010955
36,48653.964585691596,18,3.085790430807245,PhD,Chicago,96732.4317663993
45,71601.75823174209,21,5.189529951841088,Master,Austin,89936.93805362355
43,39854.115469110955,25,14.217044670389555,PhD,San Francisco,89366.04163245304
54,77014.10649366223,34,21.339334797568952,High School,San Francisco,126397.57406833129
43,49397.63074033485,22,66.51461942384054,Bachelor,Austin,91822.95514453061
40,28538.373468229278,18,15.732628000182824,Bachelor,San Francisco,66993.92466714443
26,51921.56622366184,2,11.8874391177072,PhD,New York,63816.920276065466
29,39784.22513787678,10,76.47191414762791,PhD,San Francisco,72841.49192497964
18,62609.65323483086,0,67.10552838599145,High School,Austin,68621.6809590416
18,40210.640310464136,0,43.53242214552362,Master,New York,47565.57118357949
64,43307.248501778304,41,54.9309771480104,PhD,Chicago,105318.12798935191
51,21656.889035817036,31,31.198402032641848,PhD,Austin,76784.74574432423
49,43215.405211263846,29,48.25004202353607,PhD,Austin,114628.73713862283
65,13641.81010056565,41,50.66726489827458,PhD,Chicago,103239.75929745713
42,26241.45764771415,22,38.723727117809595,Bachelor,Austin,82510.74020653781
57,61406.21984216446,37,90.65722106721627,PhD,San Francisco,122172.36131316067
62,61787.00237976248,43,1.6061864981006146,Bachelor,Chicago,111449.8621600512
18,56381.86342677447,0,78.21712630912462,PhD,Austin,58226.94117345731
33,35495.3578530618,10,12.438283124132433,Master,Chicago,79604.3003274205
56,49284.3296578703,33,79.75473605371994,High School,Chicago,88292.40141361584
22,49945.96191364148,1,61.59119156767212,Master,Chicago,52198.795844916785
39,32624.529662111858,17,84.32780909364024,PhD,New York,90569.40696015258
46,72550.97452650726,23,9.751432564089747,PhD,Austin,86421.4139016941
20,63160.43435863507,0,55.898063409977404,PhD,New York,75915.86155586524
29,46685.53739255504,9,50.108788026219706,Master,Austin,74933.59777661375
43,50403.28758491796,20,70.61931829633586,PhD,San Francisco,95869.90904161555
33,53125.74211921329,9,53.42905518936758,Master,San Francisco,67077.60635248969
68,19373.97697363564,45,54.07345671331042,Bachelor,San Francisco,98400.20437591664
54,46292.339262191046,34,42.95959435760647,High School,Austin,107106.14043787835
39,39770.23628003302,18,30.883442400734083,High School,Chicago,101461.69234888548
46,34975.69985157627,28,48.226436125219216,Master,Chicago,91362.95712090243
31,45783.495606710676,13,11.849235876840059,Bachelor,New York,47567.0563685362
45,76965.29790274284,22,96.15133389830848,Master,New York,102972.32096700575
22,59612.64291900515,3,71.44107636265983,Bachelor,San Francisco,69058.4764078465
64,41432.31515325805,41,95.24671166878468,PhD,New York,112013.50581045727
66,58588.74172034238,42,22.672738232996327,Bachelor,Austin,110255.14016685856
47,70990.33154879004,24,87.9341020176528,Bachelor,Austin,88720.02227805673
63,63869.50524369153,45,80.87899845635384,Bachelor,New York,117391.16282728825
69,50894.45554880261,49,67.71524124576736,High School,New York,123432.46758414869
22,40295.94833441639,0,62.502918608520574,Bachelor,New York,40604.91934581591
29,60473.34970420385,9,31.654966526787,PhD,New York,61866.37582407826
33,55902.28078132625,13,81.64107849650307,PhD,San Francisco,85096.49201597321
43,63427.89830041598,24,50.15154614797338,PhD,San Francisco,98209.32639888645
43,59527.57702522954,23,7.089157589128536,Bachelor,New York,81350.31328585713
65,65743.29072979002,47,31.286316085513,Master,Austin,127619.2001904278
38,41971.47182659148,17,93.52970985453275,Master,San Francisco,66066.16998511965
56,69760.91098451489,35,85.06802606048463,PhD,Austin,121813.7038283463
53,52963.994070386,31,98.19056980765392,High School,Chicago,97141.84470860288
50,81128.91308937898,26,62.79933826040981,Master,Austin,106873.53552096199
47,39662.18272865648,24,24.751007314041196,Bachelor,New York,87632.69623848869
54,76039.45704747873,30,16.281504967686377,Master,Chicago,117937.42514548972
40,52968.66175193972,22,18.691444060846163,PhD,San Francisco,92854.71489851332
27,40228.72994578327,7,1.9795658347254386,High School,San Francisco,68334.78557601452
22,42741.71248918518,1,39.06821109859392,Master,Chicago,49556.79289038434
53,45194.7903770852,29,19.14276804995425,Master,Austin,93273.80038197905
51,56362.48919602875,33,41.16554604567024,PhD,San Francisco,109557.7423328554
69,57842.5323205325,48,93.49944318387654,High School,New York,135268.9808621357
48,41394.49994092131,28,43.05402095071899,High School,Chicago,95880.64180004147
27,49634.68111608526,3,87.79844969848348,PhD,New York,68131.04561836769
36,82134.05537917795,15,60.55047666158765,Bachelor,Chicago,71390.38703078755
49,75913.14755151067,26,24.71315546613919,Master,San Francisco,108640.19379642342
18,56544.85504511048,0,35.58547592592114,Bachelor,Austin,42128.68396199949
22,50570.05217252301,0,8.391953582142941,Master,Chicago,43431.63939286684
62,51800.46990077392,40,33.34625935960105,Master,Chicago,102822.60303883538
21,59202.769590956246,0,67.7540945503534,Bachelor,New York,53816.848496784194
33,34658.111522023915,15,7.211109292943519,PhD,San Francisco,87375.23190596123
41,46139.35193864982,18,20.540140847802935,PhD,New York,74715.20718018296
33,24971.238891836158,15,38.14410414133115,Master,San Francisco,85684.33640635828
19,55988.34683907919,1,98.20495370159625,PhD,New York,72304.8539613393
66,59707.939095541115,45,78.48618229588801,Master,Chicago,111190.6702109505
45,42752.20306550939,27,73.3486746492104,PhD,New York,93165.34283033012
49,73609.80144935049,26,11.619095652544598,Master,Austin,88761.39254752433
44,31613.515054964882,24,78.09958936149914,PhD,San Francisco,99038.5885619216
37,28034.376796852695,15,78.52688115160151,High School,San Francisco,60955.023619931795
41,53366.77727839958,21,60.110269562432826,Bachelor,Chicago,67304.35189107973
29,65706.47453918232,11,99.0361781998372,High School,San Francisco,71906.49350437567
67,75258.91537186803,47,32.525390592455196,Bachelor,Austin,139397.88487814573
52,43116.7360569659,29,94.12724482418517,Bachelor,New York,93716.22081987349
50,66180.21250146943,27,91.47311149565036,Master,Chicago,106412.15795879018
50,49422.372957489395,32,1.1480659749377842,Bachelor,Austin,99256.42616146411
68,47410.59050088771,47,45.01165264748111,High School,San Francisco,107351.00385522963
60,63254.89906230009,40,97.71042330515733,High School,San Francisco,109868.24961240136
54,59784.84317620129,33,10.312136240807579,PhD,Austin,109515.70163687674
29,26354.11764523626,8,54.778469438331946,High School,New York,50571.608928933594
20,72148.10524588844,1,97.89575070411041,PhD,New York,85583.76461291363
18,70701.37031221177,0,55.549542410586014,Bachelor,Chicago,43704.66426338392
50,40616.55947735706,28,18.9815302972156,High School,San Francisco,82041.4433257394
57,55937.05300156114,34,58.218323009258974,Bachelor,Austin,108097.47464572874
27,57410.45279424108,4,20.444057394954683,High School,New York,52466.40533018717
60,53910.10648735861,42,51.970426289448426,High School,Chicago,84853.22727117795
61,41745.422692318694,37,7.4042217912348,PhD,San Francisco,132740.6501913955
46,39925.64948092923,22,60.548266921440465,Bachelor,San Francisco,74262.05432808591
30,49616.688935128324,6,51.67899391281582,High School,Chicago,67077.88360299735
29,67590.93528889047,7,74.0161368761463,Master,Chicago,58944.17571823292
48,58154.002318916486,25,63.0700471158785,Bachelor,New York,83969.35398063899
63,44440.78501870841,45,54.96062685307567,Bachelor,Austin,99350.93682145391
19,61575.48065972517,0,68.97788492481212,Bachelor,San Francisco,49009.60444152736
68,7271.8606905488705,47,14.394191357223086,PhD,Austin,108458.44960054032
67,67231.48550558156,47,59.535966125860405,Master,San Francisco,130320.58718451853
52,23904.293318328506,32,17.211060282277767,Bachelor,San Francisco,87306.15258584794
40,44563.38587895302,17,92.55222078518808,High School,Austin,63581.42853330703
34,33204.95158060784,15,6.833410484560421,High School,Chicago,60064.15771497111
43,30579.777864186413,21,43.03747496907933,PhD,New York,99295.91377545796
25,67412.4018106778,1,69.57974776554448,High School,San Francisco,75486.61338559868
46,42984.48198032163,24,45.80222116682587,Bachelor,Chicago,89742.32594158468
43,55197.55822596073,21,9.209525323290235,High School,San Francisco,91150.73620135446
27,49296.19131681224,6,55.337901612670734,Bachelor,New York,80663.98048703067
43,57155.612408346824,21,64.16319088273545,High School,San Francisco,93567.3198625258
51,51152.32836590383,31,70.37923109905077,Master,New York,107806.55867009918
68,30755.116637171457,47,37.32598144627589,PhD,New York,107447.0038023298
58,64944.002291707104,40,56.36599710287622,PhD,San Francisco,113175.19493027455
24,42593.65125258031,2,45.06864749389131,Master,San Francisco,56704.62458045663
21,26651.271520103735,0,67.20560387522534,Master,New York,39781.23939904992
67,43578.27258551131,49,58.35569673248185,PhD,Chicago,119511.71374204576
62,72511.39685951466,40,52.57562195591349,Master,Austin,112557.60967332758
28,62753.32613170239,10,24.952436683824864,Bachelor,New York,52837.913251890684
46,44770.21798388211,25,0.20185177482339167,High School,San Francisco,78527.31312308527
53,44761.13443522357,33,17.408167531142926,PhD,San Francisco,110193.1042552332
42,45175.47423173926,24,11.706604142416865,Master,Chicago,103101.21174148947
38,81151.21975341262,19,44.90847450109467,Bachelor,Austin,95560.61147821469
53,55729.0317834733,35,61.22581507618447,PhD,New York,118641.55513924557
27,56450.624707866045,5,21.308500868480817,Master,New York,46265.27861179979
54,65454.25181047763,30,93.90570959671871,PhD,Austin,113524.5280731994
26,53581.8373853977,2,0.6682129223887778,Master,New York,56438.36282876736
41,46114.36781268945,20,77.23010151653429,PhD,Austin,92103.22638914533
52,47054.75226372533,29,62.52047695304422,Bachelor,San Francisco,93635.57483199521
66,48925.98110878904,45,37.35548010476819,Bachelor,Austin,134166.33574802178
52,49441.66645235238,29,5.048894441240792,High School,New York,93612.69982074597
65,60914.4431545547,41,62.74865717842793,PhD,Austin,127413.99935465654
53,50779.18828710949,29,38.56135128656481,High School,Chicago,76037.42180199258
35,60989.60115823369,17,93.62671394132191,PhD,San Francisco,89411.459225093
66,48789.251298371266,46,54.19900748897659,Master,San Francisco,135839.31926426655
56,51179.52785474136,37,93.96515112935082,Master,Austin,116607.8719943003
49,20026.989732018385,28,22.04836934733041,High School,New York,61054.60598954094
41,63744.91512053722,19,72.57259103641033,PhD,Chicago,88755.35335651944
40,55197.32713846989,17,61.72490208487257,High School,San Francisco,98964.43791941463
49,64970.15164789478,27,73.94082298313118,Bachelor,San Francisco,98181.67944070975
54,6556.1693270946635,34,21.466786397253678,High School,New York,90264.34994510237
29,81325.62057171091,6,66.49945162377738,High School,New York,87412.75162557515
66,47906.15557767239,45,49.8040393056869,Master,Chicago,119315.907223117
30,66622.74225106275,12,74.28249749063163,High School,Austin,81611.24614942944
40,34401.411093117036,18,32.704464415181775,PhD,New York,85069.6053202778
42,59191.608575938546,22,89.00570254652526,Master,Austin,97459.25633521174
52,34198.76655239516,31,8.430131461135037,High School,Chicago,94473.29310711
58,40643.465589562926,34,80.7189318791188,Bachelor,Austin,96752.68748567696
47,78710.4703080018,23,86.13196258150909,High School,San Francisco,94941.7637072493
34,47139.7639885498,13,81.72523113668213,High School,Austin,62682.428949715795
66,53261.49309769584,45,51.272639426177605,High School,Chicago,103144.98871191473
37,63051.015960331315,16,43.83849800307613,Master,Chicago,94052.52879501964
65,57435.22831958907,42,99.62622865248768,PhD,Chicago,127812.70959731321
42,52256.28357715365,21,22.917195121416214,Bachelor,Austin,93764.34665446148
39,55474.41503699338,17,54.68759658760446,High School,San Francisco,96530.43108632472
30,86051.23377857413,10,67.06755253823256,PhD,New York,85702.92256957928
36,49135.71804449622,13,70.08676358614319,PhD,San Francisco,69110.16227574978
66,53016.485700724515,45,20.40246657385787,Master,Austin,118963.18758038558
53,65759.81594011417,34,65.39940923398012,Bachelor,Austin,99786.47917610203
29,66582.88899436976,10,81.83695664813374,Master,New York,54765.20994016774
58,67805.4545834057,38,5.001857682111222,PhD,Austin,113574.44020983849
36,59580.95333043777,12,91.15212933253164,PhD,Chicago,82716.52034511279
29,32854.92630904275,11,2.950405514520593,PhD,Chicago,60070.7542107923
26,74501.47298451644,8,35.59710324883943,Master,Chicago,63414.84618828204
24,32804.81910471968,0,1.5813196232962068,Bachelor,Chicago,32145.15349125117
45,54539.531978585495,22,7.7145168539581865,High School,Chicago,86206.80691981633
31,38685.86224970963,8,91.1168285180079,Master,Austin,84354.2929329757
48,49037.92480110511,25,35.48608307461478,PhD,New York,109271.92047457375
69,54931.436154552204,51,42.477153042505286,Master,New York,136639.5573783606
36,54820.35823175409,17,21.53443813825526,PhD,Chicago,90276.9205657494
64,56328.81131352927,46,59.70957701867198,High School,Austin,119557.69080240112
33,74205.6690358797,11,59.480321467778964,High School,San Francisco,59690.58499128245
22,56803.014522709695,1,37.22003918252192,Bachelor,San Francisco,52207.58942133201
52,46337.65047064027,29,33.30348718053984,PhD,Austin,91873.69262689757
29,64461.307524325355,10,88.49643081805878,Bachelor,Chicago,72810.18129165377
42,67842.05733386961,22,38.328423964220136,Bachelor,New York,100601.18543775944
69,31585.88277294511,49,49.35009921544082,High School,Austin,138177.36569514018
38,58961.00104774787,17,28.330476242493063,Master,San Francisco,83751.03443825433
53,60517.591134663475,34,78.67695033571273,Master,San Francisco,93917.56148541112
40,45536.54744960012,22,39.74481568990916,Bachelor,San Francisco,83274.96552099526
33,70635.6021996743,15,51.36110465443245,High School,Chicago,79157.29752175773
56,47749.1661945121,34,25.335717005966142,PhD,San Francisco,117379.97441391392
62,51883.64680207313,40,98.76595923412518,Master,Austin,117311.4364983199
59,47403.922635741954,41,29.149574092372287,Bachelor,Austin,109843.838234948
56,50233.685713722014,36,77.07425309055516,Master,San Francisco,104603.21078977376
31,33555.87369657197,8,42.74956503567592,Master,Austin,58585.2205296666
48,28399.236761085584,28,20.62174050841399,PhD,San Francisco,99683.1823218982
22,73917.57594837458,0,79.97187639648612,High School,San Francisco,42089.02944290168
52,37295.57977522508,31,33.36067890290432,PhD,New York,97683.8222210745
40,35129.114758155396,22,86.5193347397811,High School,Chicago,86743.70084439477
46,17699.148295944276,24,91.5257184917823,Master,Chicago,99293.31982342774
60,40415.57378465746,38,85.9823835391276,Bachelor,New York,103440.42687105124
28,30153.653098887524,5,3.500791480680565,PhD,New York,71074.83331193816
35,74630.22740204554,17,78.73733450051056,High School,Chicago,100726.17339981861
64,65147.25634013952,41,41.133946649914385,Master,San Francisco,118747.0502239108
29,39677.74482233414,11,87.37229201822251,High School,San Francisco,61189.852719293165
26,83786.53708016463,3,63.795426268473875,High School,Chicago,65504.98773655382
27,64726.48230487391,7,83.36431341439584,High School,San Francisco,68266.642511551
61,45127.529247370665,40,49.94317698668353,Master,New York,123443.64430210055
34,12508.914276896401,13,53.502550459893286,Bachelor,San Francisco,53690.55001096762
55,84364.13858886113,37,14.438763213366723,Bachelor,San Francisco,130911.83409838135
24,29156.41299854606,5,78.39873586893555,Bachelor,Austin,44659.285165748406
63,25319.01879564662,39,41.93896116669716,High School,Austin,90548.40450085323
30,65338.5564801446,8,50.00801182715826,Master,Austin,76339.7396509881
57,86596.28609508909,35,78.50977140957076,High School,San Francisco,130709.97868769732
59,70764.09227765776,41,59.8845400079439,Bachelor,Chicago,119510.00949382366
26,58458.636800785396,3,20.109872744266745,Bachelor,New York,61893.92865711169
67,58921.315124979286,48,59.023265915089276,Master,San Francisco,149670.53021350136
44,62801.23338170462,24,40.76328579796558,High School,Chicago,102325.06211976268
19,61383.92884680148,0,46.95255420438627,PhD,San Francisco,63572.06054208475
22,54217.87135954064,0,2.8311274402667785,PhD,New York,54095.448948056146
46,51563.01655927814,28,21.00293495162816,Bachelor,San Francisco,103469.64038017871
54,49061.103081507164,36,28.103808138102828,Master,New York,113416.36046561616
55,38690.531166999855,33,71.29600078588058,High School,San Francisco,104857.72621599481
36,45789.87384699839,18,1.1492473298115313,High School,New York,69524.28766065522
25,24605.647787069218,7,40.8777261229132,Bachelor,San Francisco,53161.68427959809
65,48524.90559807875,47,92.40268704257329,Bachelor,New York,120202.41038537172
62,35171.133392736236,40,11.188061654912385,High School,Austin,102007.05526475354
18,33446.160241763435,0,51.642438821861106,High School,San Francisco,40604.488647662256
39,52698.41226730218,19,78.65223823908471,Bachelor,San Francisco,85894.12195162791
69,70880.034295169,45,94.25313075201167,High School,Chicago,122013.51386845784
34,63774.7490900347,10,74.67766395337179,PhD,Chicago,82640.09963382367
24,26442.490945652346,6,72.05655486444061,Bachelor,New York,31536.842704727263
42,35155.57795144494,18,82.64880901957625,High School,San Francisco,72680.37215040413
62,64111.567819823234,40,44.62012209775437,Bachelor,New York,126447.76845777518
21,35262.68909692536,1,80.58445326178331,Master,Austin,43103.73713752188
53,46630.50275004463,30,0.7964404745451126,Bachelor,Chicago,99449.99245917209
23,58250.78148536828,3,92.45610553768049,Bachelor,New York,51425.20222216373
48,35474.83317704547,28,44.33065095171753,Master,New York,98616.83906863171
36,51580.6325921894,14,55.338018786574764,PhD,Chicago,78270.00124500015
61,29989.617576226934,37,25.48822489148823,High School,San Francisco,99404.83047378963
56,40979.48534073179,33,74.25308328404215,Master,New York,103550.01455189181
44,54796.72901213806,22,7.663580647524881,Bachelor,Chicago,70387.9280648007
27,26105.09399702496,9,87.26358025468353,High School,San Francisco,69415.61539940626
43,56607.121069405985,22,82.81168290063428,Master,Austin,103657.05488101087
36,49705.433016099785,16,21.60601162447664,High School,Chicago,69391.61551610418
56,58287.34931625721,35,80.93243982852624,High School,New York,112774.86849531894
20,53358.712010969924,0,78.63577330614815,Master,Austin,63728.50907071896
62,70462.10644960766,40,63.2216597753949,High School,San Francisco,119387.13940033577
30,51878.36753971861,8,37.352017689968754,PhD,San Francisco,62348.63961923536
67,43558.91688312121,46,27.149875418186788,Master,Chicago,135865.99015536415
45,51834.46254548425,23,23.178359028935002,PhD,Chicago,89284.03966580404
37,58149.470435545816,19,31.860896276360716,Bachelor,Chicago,73446.53825234369
45,50732.901054885566,23,90.35584434325304,High School,San Francisco,106625.58184696759
25,50608.87536805824,6,7.764077598878128,Bachelor,Austin,63171.45416592341
58,39470.12468289867,34,82.88712762529586,Bachelor,San Francisco,106559.69454671453
56,40056.48623673578,35,34.88900750418236,High School,New York,90053.78961220433
18,28960.920923004596,0,52.15993960113582,Master,San Francisco,56324.31383909038
20,76243.65114780409,0,79.44856336484906,High School,New York,88810.70956778114
30,31342.051469130725,12,88.43765470229712,Bachelor,Austin,72629.57481463946
45,39606.42203306139,25,34.4781420072647,Bachelor,Chicago,89066.7186732073
66,39223.89101646204,43,46.18434812751103,Master,Chicago,123287.31267617513
42,63423.86565416662,18,41.45160648167923,High School,San Francisco,81818.58668864853
50,45575.75482561958,27,1.3251033503910548,Bachelor,Chicago,85362.47431927396
55,68716.131090106,33,29.59428888586566,PhD,Austin,110090.09892896292
23,39897.640636341974,0,45.918923373256185,Bachelor,Chicago,43015.73880569663
61,54184.91243335703,37,41.10936088804398,Bachelor,San Francisco,107286.49311664913
62,37469.794201103636,44,72.19292275156795,Master,Austin,112279.51247542028
49,82177.23691660083,25,38.480361722110324,PhD,New York,104630.34407274444
62,32186.02371455731,41,48.937644897067024,Bachelor,San Francisco,106375.90904341955
64,54647.31065340541,45,42.96085921323633,Bachelor,New York,120972.35472678044
38,59506.65321398148,19,74.06261488943706,PhD,Austin,91343.05689074476
33,56206.986461772474,14,86.29723989869625,High School,San Francisco,78350.58246858358
38,47220.68511683438,17,53.18890790075142,High School,San Francisco,93048.62656353271
28,48052.689503998605,5,78.94321941951912,Bachelor,Austin,61130.310209340656
54,50657.17207968664,36,29.678668201985058,Bachelor,Chicago,124789.99496201305
53,47794.96997557267,29,54.13696101572687,High School,San Francisco,101072.23444168427
52,64458.18675192365,31,34.52299536699724,Master,San Francisco,101591.00988509858
36,83157.84502387026,17,41.42009255718303,PhD,New York,106514.19052549022
37,41637.623224882496,15,73.24138648126686,PhD,Chicago,79858.0836144461
35,29452.955306313834,15,88.16624823327128,Master,New York,47807.35748621643
64,48675.76927473118,40,12.14953910877654,Master,New York,113170.17631950635
58,88695.64006481477,37,63.46392564873805,Master,Chicago,119290.12992244175
66,37944.88148045404,45,58.21438075777985,Master,Chicago,134359.65734490857
31,74586.75208166102,13,11.841503917593188,Master,Austin,68492.43397037429
32,75165.51221114662,14,21.189433044010908,Master,Chicago,76282.57713476181
48,41696.176374380084,27,31.100249473268025,PhD,San Francisco,110740.25914658202
18,58534.74618777913,0,16.693107081750146,Master,Chicago,57339.164537663055
20,74425.94934692807,0,24.372948252434178,High School,Austin,54831.863966968784
33,44313.08388518769,9,26.76007988617075,Master,Austin,58567.072495134504
40,46946.29459846457,22,33.56738330390596,Master,Austin,87279.71481348497
28,41274.786290770346,4,74.9390452801159,PhD,Chicago,64836.37671905421
29,34778.649039607,10,57.19122038506007,PhD,Chicago,61114.86307906313
27,40260.83682400989,3,98.62466719514015,Master,New York,52351.018993681326
49,31640.895998566153,27,41.4735826967471,PhD,New York,85921.22678995637
33,50511.25202388839,15,75.3865073836925,Bachelor,San Francisco,65497.14483871234
25,38450.40153412038,6,87.14684213765338,PhD,New York,74732.80016684213
55,53506.788676861215,36,67.8978493038042,PhD,San Francisco,123940.86265445295
29,26661.56530694559,9,41.1864740417496,PhD,Austin,73914.53785802909
41,54963.20348321686,21,75.35946307457529,PhD,New York,92801.92968637905
45,62502.93442413387,23,20.366713777268487,High School,Chicago,85842.92813810203
25,20093.96536142817,6,32.75521651801324,High School,New York,46922.129335415746
45,55610.848547713584,22,54.66852550992888,High School,San Francisco,99127.6965688716
53,68415.03488709938,34,57.54093872861483,Master,New York,91700.07918260226
43,31855.38471963192,23,2.2141475472629457,Master,Austin,75022.46175967848
25,75088.58580256555,2,94.51141887560087,Bachelor,Chicago,55878.690409505536
67,56285.285140490676,49,69.662727121739,High School,San Francisco,141467.59736411824
45,39424.82216362387,27,49.57037502318911,Master,Chicago,85031.39016577543
45,49163.46383513441,21,93.31272344083084,PhD,Chicago,77554.78696818413
54,58374.903687825834,33,43.90955652508285,PhD,San Francisco,114942.18535506977
58,51140.080871186176,38,98.04355702703718,High School,Chicago,106543.06016376858
53,58081.33988669554,32,51.22847572434851,Bachelor,Chicago,95916.53767537646
44,36189.89610380951,21,11.428576999797945,Bachelor,New York,70828.07811387446
34,52540.41236054117,14,76.48009724592772,PhD,Chicago,74591.28077885066
26,28794.282546425296,4,67.88977250778404,Bachelor,Chicago,59118.37653788324
50,48331.60907976949,31,77.29867213055867,High School,Chicago,99602.28999603722
37,36441.38537802815,15,95.1442028725681,PhD,Chicago,78209.96820073156
30,38967.050861153504,7,77.64893026510181,Master,San Francisco,54590.17300313778
45,68541.39762815656,25,61.133660221664684,Master,Austin,95430.169065651
65,66369.65180891403,42,85.7308902360841,Bachelor,New York,124303.71863047867
46,59137.071813607654,27,67.32464393545315,PhD,Chicago,105093.89822344987
30,33615.308529911315,12,40.81190568259231,PhD,Chicago,71734.03167302071
63,45253.87325457797,45,88.56197642417733,Master,San Francisco,113278.33412930698
52,68196.46549968775,29,22.190046078437287,PhD,Austin,83536.676027908
23,52125.753704598574,2,71.46412749087241,PhD,Chicago,81707.12008644252
35,84789.94309972541,15,88.1563454940757,PhD,San Francisco,82248.4314635361
68,55899.76759091558,48,73.13165197032963,Bachelor,New York,105776.93328912178
22,52880.73674735047,4,69.72754190538569,PhD,New York,66655.75424951538
64,45363.25303696248,40,75.26382940718361,High School,Chicago,95286.98234914072
42,52003.11357173423,20,46.50552483006444,Bachelor,Chicago,73878.22282727464
19,47712.952454291844,0,87.4170682157026,PhD,Austin,64673.24340516097
27,60621.630150328856,8,20.34364751360912,PhD,Austin,89430.54410551957
47,64350.53475191876,25,12.73864160003393,High School,Chicago,95317.2105883011
67,38210.158092380756,45,28.550878011851154,Bachelor,San Francisco,111998.99861953798
62,30031.50569663333,39,53.157739677499315,Master,Austin,107153.14314879655
22,22456.919403450553,4,51.05617954093381,Master,Chicago,32204.02522633283
50,57619.86990368816,26,82.05987576765867,Bachelor,Austin,90881.43366783789
18,33449.50090739189,0,40.45686564040174,PhD,Chicago,47559.87751496822
35,17706.64110571276,17,48.434442629150865,PhD,New York,74767.00108454318
49,55828.67906796446,25,1.3367683259395635,Master,Chicago,111737.33826362401
64,87394.99276149186,46,40.973923644293905,Master,New York,112899.24112333987
66,49908.9363269016,43,64.77742329503421,Master,Austin,116134.77594707732
28,62577.36161677463,7,1.5508330626592182,High School,Chicago,44515.654698246886
38,51227.440378213476,16,28.088196518624375,Master,Austin,72739.00100689018
43,48516.65520213286,20,20.795635928938992,High School,New York,71448.75694590688
42,63786.14724481653,22,4.198542890958823,Bachelor,Chicago,70402.30824297889
39,45645.88183717023,20,47.92600899145375,PhD,Austin,95720.98530602157
44,54010.88471107854,23,18.17232932281565,Master,New York,90668.35891796864
66,54825.467092940205,46,74.30815396313801,PhD,Austin,138121.60412257942
30,39978.64319535427,8,84.79278837633485,PhD,San Francisco,66916.69413074809
50,64880.635243047844,26,54.55851826691478,Master,New York,98484.95172845926
51,47375.60364956887,33,98.17073425211416,Master,New York,119567.62421963952
58,38663.82260760733,36,45.04785714705953,Bachelor,New York,101824.33768854405
52,58047.64765355605,29,51.33682102249155,High School,Chicago,106060.70083878581
18,36522.98027313444,0,98.92177539577501,High School,Chicago,41728.41982456179
38,50422.717360536924,15,23.154843596504882,PhD,Chicago,88444.73082162892
65,49863.21505033695,44,94.25459396769052,Master,San Francisco,118682.5006154326
23,66288.43348747367,2,4.283755511911325,Bachelor,San Francisco,39636.49406124094
45,57120.47349319929,26,44.638689026319476,Bachelor,New York,90792.24762006535
34,49624.595618822845,14,7.000351213306577,Bachelor,San Francisco,66534.36482027256
22,62266.494488004304,2,72.9234742913643,Bachelor,Austin,42078.30846699688
48,70853.1132352597,27,60.84089358800178,Bachelor,New York,100212.90716670975
22,58367.154595277934,1,70.66342634675964,High School,New York,47108.05284638814
55,50155.28929765071,31,37.4480399968017,High School,Austin,129345.40157376212
20,30322.456514747606,2,36.94819340313803,High School,New York,31299.72429044451
40,34023.29505386941,16,4.53192789608946,Master,San Francisco,62304.3354864639
54,45421.629434679984,30,34.99449395296398,PhD,Chicago,112071.7245945301
54,40857.31696761075,34,92.92884022620595,Bachelor,Austin,99573.41829519263
27,47195.43045521831,8,37.9226537180449,Master,San Francisco,74046.78491508991
27,50849.74887345661,7,83.13677062219699,Bachelor,Austin,66715.67373212584
36,57945.391315350964,18,84.2325504749934,High School,Austin,74772.17363904315
34,48942.518329113635,11,37.324115637923384,Master,New York,56758.03734983394
38,57297.52465739303,17,63.19886803961891,High School,New York,90060.03160647917
31,50967.1162221518,10,9.537160227305863,Bachelor,San Francisco,53382.491022117836
26,20368.00150469193,8,10.36785807342765,Bachelor,Austin,56217.85296672057
63,35909.96909271869,39,4.865766366171331,PhD,New York,121706.26661869265
18,47838.686664175766,0,58.10150933751095,Bachelor,New York,47987.50342582867
68,31854.578857383385,47,42.607097762609705,High School,Austin,112645.25318846747
62,58998.93094994307,40,54.80323566642401,Bachelor,San Francisco,106602.58002169391
30,72961.26248515546,6,52.10731905083878,PhD,San Francisco,83121.17186513159
21,68281.42777545974,0,35.02029910907303,PhD,Austin,33276.15497727546
18,46798.35693604688,0,67.7473414823473,High School,San Francisco,58584.137545499536
66,72360.89205274929,48,75.85018809163907,Master,New York,133695.54043016388
57,52230.01185803167,39,1.4628258877675715,Bachelor,Austin,104013.98785460106
49,44943.71043322941,25,20.72422997688783,PhD,New York,97442.34737545169
51,40798.960046885906,30,71.32358680833369,Bachelor,Chicago,80570.30343516117
45,45462.95470267808,25,38.66201726338342,Bachelor,Chicago,61942.06039321375
48,44177.34772188157,26,66.24839469416082,Master,San Francisco,99251.37475081213
25,52556.243335632316,6,34.696265973455844,PhD,Chicago,80167.14802120937
56,52408.60971574797,35,39.07551523296371,Bachelor,New York,86282.33895700521
43,50045.69030230122,24,15.867887368968493,PhD,Chicago,81782.30068917466
51,56554.072546195246,30,25.823101966616,High School,New York,104280.62579246373
20,67859.69412179512,0,60.541175750758725,High School,San Francisco,61973.864623545
67,64243.312031619855,47,43.31631113151664,Bachelor,San Francisco,156569.89372912887
29,27726.53047325145,5,77.43026829445951,PhD,New York,73446.0472449574
18,11691.182976470678,0,85.25849549383427,Bachelor,Chicago,48124.5243865634
61,64014.79866858911,41,54.164641821675986,PhD,San Francisco,118774.78469171171
22,29496.819523768685,0,75.82672920560591,PhD,Austin,59888.44028131773
47,46628.518971609745,27,30.690451319457,Master,San Francisco,108977.21488220946
47,32448.304609109608,29,41.49712154000782,Master,Chicago,88665.43980900422
34,22970.293436299704,16,71.2777676216831,Master,Austin,68282.83067460275
65,58121.94092307182,42,38.62119928170307,Bachelor,Chicago,118281.17750707603
64,61387.327404539705,42,58.85049351589888,Master,New York,114713.73608243451
40,41352.34398909921,21,18.53727790825115,Master,Austin,83022.20223337547
32,11134.365617826348,11,59.9771314970498,High School,Chicago,58778.88764295721
54,41806.33327621276,33,86.15137072268936,PhD,Austin,122649.33265080486
38,55877.060081038195,15,86.86396398234257,PhD,Chicago,84212.39179832157
31,27816.32646838807,13,72.43444063295397,Master,Austin,73213.90543279918
19,52750.39879668733,0,74.5753379076126,PhD,Chicago,58458.23371446631
28,49770.35226240507,7,55.79274451507007,High School,New York,68118.33732229746
68,58689.37249401632,50,58.466809016582474,High School,Austin,125029.56764111505
56,51793.705526212296,34,13.3650581410518,Master,Austin,109941.09443436834
55,35403.96588677667,36,44.38591884213011,High School,Austin,106622.84399902399
51,67948.57252496737,29,45.077628388636384,PhD,Austin,97471.89184634395
55,47622.05640459545,32,95.84978356677402,Bachelor,New York,112602.86030642335
67,49590.43190735102,47,43.108686262328945,PhD,Austin,126867.79001584154
51,36000.98061390206,31,54.934264490275766,Bachelor,San Francisco,90349.04046242291
35,43350.766232127346,15,53.32513992791025,Master,New York,67071.4057493335
47,36727.95928959649,25,63.67617170443272,Bachelor,San Francisco,90684.19915308298
32,47405.809101148654,11,74.82328313318959,High School,Austin,67916.68999796885
44,75675.62720213515,25,22.50418761708721,PhD,Chicago,105535.96939691175
68,29421.482856029656,48,52.87244190984357,Bachelor,San Francisco,122372.27479548586
51,25796.579031848883,28,82.59177073160305,PhD,Austin,102454.40869963661
69,72067.55491240413,46,46.31147138375115,Master,San Francisco,160198.68120443937
55,46860.14484272201,35,27.845754637357302,Master,Austin,104347.24875800298
50,39963.908920101254,30,65.4709075356299,High School,Austin,85916.98418708613
41,65598.57031094114,22,82.3767395799123,Master,Austin,72100.27474889562
32,40915.766903947035,12,6.314029292739132,Bachelor,Chicago,51637.2635539152
47,77390.14570320403,28,77.67904834072272,Master,San Francisco,118954.48263552645
59,60168.88807008904,36,82.16479329617712,High School,New York,117858.15115356665
68,42681.32887781446,48,46.15229275886068,PhD,New York,114612.15283613744
34,82359.62319898256,12,98.33056568184674,PhD,New York,114266.5396537793
22,40914.27615494993,0,78.6708340707309,Master,New York,56475.46932663661
46,61131.430580139604,24,77.36625648956658,Bachelor,Austin,96810.9091973236
21,54489.38870609738,0,74.78385744120718,High School,San Francisco,78028.26128325038
27,69526.11934098197,8,15.0608103218274,Bachelor,San Francisco,85505.4335266681
34,73422.66795090279,12,21.723088645301083,High School,Chicago,82924.3295758575
27,50480.0622359865,8,46.3990131464425,Master,San Francisco,75256.10873638063
34,38698.73194480725,12,26.400434995946586,High School,San Francisco,76157.49229494817
37,56899.582144086744,15,41.52409723340404,High School,San Francisco,75236.40818777608
41,39834.26945371841,22,88.84641099229206,Master,Chicago,87760.53036117209
22,80200.80871289935,1,82.43268918792693,Bachelor,New York,68925.08201401327
51,52048.02996624106,29,63.003987847998225,Master,San Francisco,99996.78243848811
23,44520.17673031837,3,85.81203942511036,High School,Chicago,45492.4598931955
19,52770.204587973625,0,78.37723890172492,Master,Chicago,52588.61930839165
30,29793.10565705455,7,42.89849318408905,High School,Austin,46203.53027726161
60,35425.789422340225,39,20.106515204994512,Master,Chicago,107276.78829567411
60,68006.20861916638,41,51.42010400093392,PhD,New York,107168.29626573148
65,40146.58581542906,44,73.622888252855,PhD,San Francisco,128635.50526234695
28,34296.3352597709,10,43.641959872959305,Master,Chicago,46158.253615897585
68,58049.79128790929,50,66.67719097838972,Bachelor,New York,123714.06633536222
64,67785.56231994496,42,9.432742629104363,High School,Chicago,122848.31657224717
40,60784.299659976,18,74.80047363714034,PhD,Chicago,98886.78069497511
33,64940.715287087245,13,81.2713619893062,Bachelor,Chicago,82769.3747744265
48,38648.073671458085,24,70.68378557805411,High School,Chicago,89325.95052507895
28,28672.839998872343,5,96.72635875263656,PhD,Chicago,52245.436784818616
33,72520.0047793323,12,82.66520574606405,PhD,New York,95195.34526977046
25,45159.802417367966,7,90.30937278765383,Master,San Francisco,54599.39571954197
21,46237.50475317429,0,93.3571083457648,High School,San Francisco,64984.86504778378
57,69922.91212773586,34,80.13479918738085,Bachelor,San Francisco,118760.66117250687
21,58343.4501410099,0,67.4258842006499,Bachelor,San Francisco,69963.34439973083
42,56838.31658122411,20,0.5718581360789288,Bachelor,New York,81328.77272133414
20,82475.03517351625,0,46.58257532231247,High School,Austin,51883.99824606029
49,40347.22654429785,31,57.1162298622361,Bachelor,Austin,80533.45421480868
20,63917.60192121856,2,30.40302724479996,Bachelor,New York,43879.6385928763
44,50855.19687345627,22,31.810444690347207,Bachelor,New York,67479.33381048411
46,54028.88418294885,27,96.11594157101652,Master,Chicago,106434.49150280113
49,72927.02639618798,27,89.17108652027459,Master,Chicago,114510.83177519412
67,57617.53634434436,44,84.91790055017042,High School,Chicago,127568.15518338031
68,58074.441185744494,46,40.60118017061106,High School,San Francisco,124121.98224352112
36,66087.61005964704,16,1.3698550408914545,Bachelor,Chicago,97504.37013456381
38,44525.70905685672,14,8.022224645571407,Master,Austin,71777.33911969552
22,37411.85498991491,2,31.219636821760368,PhD,San Francisco,60993.706419501425
35,34327.862089684495,15,1.5742912995676983,PhD,Chicago,73398.55805859255
45,20504.65115935997,26,1.7149781915198115,Bachelor,San Francisco,76354.06359274952
59,80843.10694910484,40,91.6603301642411,Bachelor,Austin,127645.69349125448
39,33451.87451417475,17,70.61585021190541,Master,Chicago,69731.38797280248
38,46681.19564621342,18,30.895599006815267,Master,Austin,71543.36037905839
23,45847.80050166619,4,13.264457760095317,Master,Austin,62732.25689259816
18,54611.10046713651,0,51.163571789507714,High School,Austin,45965.425063992945
22,62236.05818808945,0,0.5346160854364457,High School,Chicago,54032.36854145045
58,62907.10232539618,35,93.8413743858144,Bachelor,New York,107150.9182192743
29,41253.83842146592,5,41.48151193889472,High School,Chicago,56834.71414111803
43,47493.174293203825,22,40.233495523733275,Master,Austin,79026.73587948157
63,54238.69925732449,41,39.059360758178215,Master,Chicago,110318.69028761532
51,46269.633107246795,30,6.932833038776476,High School,Austin,84530.21036601001
66,74110.18364029989,46,63.83222397918266,PhD,New York,143857.96738966362
31,57364.62427457377,7,73.30036196283534,Bachelor,San Francisco,70093.2537230272
43,61023.16679074726,22,67.61253975882903,PhD,New York,105373.08526310227
62,59943.21903001119,42,13.843549332939432,Bachelor,New York,124929.00882108994
44,67602.10786227987,26,57.884016803559255,PhD,San Francisco,99575.68992750518
26,52715.3233805556,5,56.948448417225386,High School,Chicago,68477.86927891358
43,30547.5207806623,19,86.8410787941382,Bachelor,San Francisco,78865.10295457127
64,55995.31927628962,42,37.9127658375647,Bachelor,Chicago,114107.4990199726
39,40229.64659312257,19,37.148594365943424,Bachelor,Chicago,87949.99466284168
64,42070.74977375365,42,61.85270587181856,Master,Austin,121251.54485387134
47,58795.4602813264,23,63.3072653499513,Master,Austin,89779.75880125821
60,68574.24607150453,41,46.92852273257904,PhD,San Francisco,131806.6331133468
65,50319.073651040926,45,44.30593623304211,High School,New York,105153.89238526848
34,54632.49518898446,13,49.41476706378827,Master,San Francisco,79333.61672128092
43,75533.22416952858,23,86.10452995033118,Bachelor,Chicago,79469.2782397933
53,53611.297692328524,31,46.116690125391,Master,Austin,92045.22755528627
18,89025.24671270592,0,93.99317919698224,High School,San Francisco,71253.62995635207
25,58482.64468447316,5,50.4003763596326,Master,San Francisco,38862.352249055475
66,23588.558612662735,45,94.92006931808913,Bachelor,Austin,130847.68964045084
52,61300.12431656799,33,83.28319018690758,PhD,Austin,120899.12401136178
69,55717.37577324166,46,36.243132261582915,Bachelor,Austin,103642.03812015426
32,69346.29131124119,14,86.3641421296616,High School,Chicago,102107.08056678773
64,60097.72026904937,45,11.006328420111522,PhD,Austin,153320.67142658055
39,47923.16024024339,19,92.50471753430145,Master,New York,81697.2673588907
31,31635.526455659514,9,63.164351508289165,Master,San Francisco,55883.98486510987
43,46864.65114070962,19,5.439074852231118,Master,Austin,97694.38482685309
45,37242.1931868605,23,64.42567236508116,PhD,Austin,87456.04019990964
40,41292.14825292916,19,97.42476541447562,Bachelor,Chicago,80869.27782473106
31,58828.67606630914,9,6.9800654614628925,PhD,Chicago,85670.50343219357
41,75048.56756527109,23,55.46877097800863,PhD,San Francisco,100252.89418054979
19,55920.07294734471,0,74.77943497593725,High School,New York,50604.451129833586
62,32061.754069472234,41,81.02585866995314,PhD,San Francisco,105945.86938228713
43,56669.040023302114,20,41.38274653207959,Master,Austin,80264.41837621445
31,67949.47229968477,11,20.4166559168243,Bachelor,New York,68297.97602318595
68,40853.25643520927,44,4.234227877238384,Bachelor,New York,101082.05643407803
24,47989.742499906235,4,57.972615709722476,Bachelor,New York,44816.195353364215
20,50220.32292093796,0,45.29110702676108,Master,New York,53666.66539405933
64,38226.5253037664,45,94.8744395149711,Master,San Francisco,102714.63811015888
40,59724.20650765789,20,6.060490771490978,Master,Chicago,75428.6563346586
63,48185.77777088327,40,68.53953434460057,Master,Chicago,134828.64998446524
60,56292.98665860542,38,2.496622212005717,Master,Austin,107558.04063678118
64,36687.6173329685,40,17.143417671054273,PhD,Chicago,110156.22200140475
62,43438.125495148844,41,45.357899992283414,Master,Chicago,109799.87430301042
35,60835.72036741657,12,45.48724428028682,Master,Chicago,72683.55450969598
55,44407.502718623495,33,68.5700542933644,Master,Chicago,108999.4422286391
